japanese,romaji,english,jlpt,pos,example_jp,example_en,notes
おはよう,ohayou,Good morning (casual),N5,greeting,おはよう、田中さん。,"Good morning, Tanaka.",Used with friends/family
おはようございます,ohayou gozaimasu,Good morning (formal),N5,greeting,おはようございます、先生。,"Good morning, teacher.",Formal/workplace
こんにちは,konnichiwa,Good afternoon / Hello,N5,greeting,こんにちは、お元気ですか。,"Hello, how are you?",Daytime greeting
こんばんは,konbanwa,Good evening,N5,greeting,こんばんは、田中さん。,"Good evening, Tanaka.",Evening greeting
さようなら,sayounara,Goodbye,N5,greeting,さようなら、また明日。,"Goodbye, see you tomorrow.",Permanent or long goodbye
ありがとう,arigatou,Thank you (casual),N5,greeting,ありがとう、助かった。,"Thank you, you saved me.",Casual thanks
ありがとうございます,arigatou gozaimasu,Thank you (formal),N5,greeting,ありがとうございます。,Thank you very much.,Formal thanks
すみません,sumimasen,Excuse me / I'm sorry,N5,greeting,すみません、駅はどこですか。,"Excuse me, where is the station?",Polite attention/apology
はい,hai,Yes,N5,particle,はい、わかりました。,"Yes, I understood.",Affirmative
いいえ,iie,No,N5,particle,いいえ、違います。,"No, that's wrong.",Negative
私,watashi,I / me,N5,pronoun,私は学生です。,I am a student.,Polite first person
あなた,anata,You,N5,pronoun,あなたは何歳ですか。,How old are you?,Use with care - sometimes too direct
これ,kore,This (near me),N5,pronoun,これは何ですか。,What is this?,Object near speaker
それ,sore,That (near you),N5,pronoun,それを取ってください。,Please take that.,Object near listener
あれ,are,That (over there),N5,pronoun,あれは富士山です。,That is Mt. Fuji.,Object far from both
何,nani,What,N5,pronoun,これは何ですか。,What is this?,Common question word
誰,dare,Who,N5,pronoun,あの人は誰ですか。,Who is that person?,Question word
どこ,doko,Where,N5,pronoun,トイレはどこですか。,Where is the toilet?,Common in travel
いつ,itsu,When,N5,pronoun,いつ来ますか。,When are you coming?,Time question
学校,gakkou,School,N5,noun,学校に行きます。,I go to school.,Common noun
家,ie,House / home,N5,noun,私の家は東京です。,My house is in Tokyo.,"Also ""uchi"" reading"
水,mizu,Water,N5,noun,水を飲みます。,I drink water.,Liquid drink
食べる,taberu,To eat,N5,verb,寿司を食べます。,I eat sushi.,ru-verb (group 2)
飲む,nomu,To drink,N5,verb,お茶を飲みます。,I drink tea.,u-verb (group 1)
行く,iku,To go,N5,verb,東京に行きます。,I go to Tokyo.,Irregular conjugation in past
来る,kuru,To come,N5,verb,友達が来ます。,A friend comes.,Irregular verb
見る,miru,To see / watch,N5,verb,映画を見ます。,I watch a movie.,ru-verb
する,suru,To do,N5,verb,勉強をします。,I study.,Irregular verb
大きい,ookii,Big,N5,adjective,大きい家ですね。,"It's a big house, isn't it?",i-adjective
小さい,chiisai,Small,N5,adjective,小さい犬です。,It's a small dog.,i-adjective
新しい,atarashii,New,N5,adjective,新しい車を買いました。,I bought a new car.,i-adjective
古い,furui,Old,N5,adjective,古い本があります。,There is an old book.,i-adjective
高い,takai,High / expensive,N5,adjective,この時計は高いです。,This watch is expensive.,Dual meaning
安い,yasui,Cheap,N5,adjective,安いランチを食べました。,I ate a cheap lunch.,i-adjective
今日,kyou,Today,N5,noun,今日は暑いです。,Today is hot.,Time word
明日,ashita,Tomorrow,N5,noun,明日また来ます。,I will come again tomorrow.,Time word
昨日,kinou,Yesterday,N5,noun,昨日は雨でした。,Yesterday was rainy.,Time word
朝,asa,Morning,N5,noun,朝ご飯を食べました。,I ate breakfast.,Part of day
夜,yoru,Night,N5,noun,夜は寒いです。,The night is cold.,Part of day
一,ichi,One,N5,number,一つください。,One please.,Number 1
二,ni,Two,N5,number,二人で行きます。,We go as two.,Number 2
三,san,Three,N5,number,三冊買いました。,I bought three (volumes).,Number 3
四,shi/yon,Four,N5,number,四時に会いましょう。,Let's meet at 4.,Number 4 (avoid shi sometimes)
五,go,Five,N5,number,五分待ってください。,Please wait 5 minutes.,Number 5
分かる,wakaru,To understand,N4,verb,日本語が分かります。,I understand Japanese.,Uses が particle
出来る,dekiru,Can do / be able to,N4,verb,日本語が出来ます。,I can speak Japanese.,Uses が particle
始める,hajimeru,To begin (transitive),N4,verb,仕事を始めます。,I begin work.,ru-verb
終わる,owaru,To end,N4,verb,会議が終わりました。,The meeting ended.,u-verb intransitive
便利,benri,Convenient,N4,adjective(na),このアプリは便利です。,This app is convenient.,na-adjective
不便,fuben,Inconvenient,N4,adjective(na),駅から遠くて不便です。,Far from station and inconvenient.,na-adjective
親切,shinsetsu,Kind / helpful,N4,adjective(na),あの店員は親切でした。,That clerk was kind.,na-adjective
有名,yuumei,Famous,N4,adjective(na),あの歌手は有名です。,That singer is famous.,na-adjective
大丈夫,daijoubu,Okay / fine,N4,adjective(na),大丈夫ですか。,Are you okay?,Very common phrase
頑張る,ganbaru,To do one's best,N4,verb,試験を頑張ります。,I'll do my best on the exam.,u-verb common
忙しい,isogashii,Busy,N4,adjective,今日は忙しいです。,Today I am busy.,i-adjective
楽しい,tanoshii,Fun / enjoyable,N4,adjective,旅行は楽しかったです。,The trip was fun.,i-adjective
寂しい,sabishii,Lonely,N4,adjective,一人で寂しいです。,Alone and lonely.,Common in songs
嬉しい,ureshii,Happy,N4,adjective,会えて嬉しいです。,Happy to meet you.,Emotion
悲しい,kanashii,Sad,N4,adjective,その話は悲しいです。,That story is sad.,Emotion
恥ずかしい,hazukashii,Embarrassed,N4,adjective,間違えて恥ずかしいです。,I made a mistake and am embarrassed.,Common emotion
危ない,abunai,Dangerous,N4,adjective,危ない場所です。,It is a dangerous place.,Warning word
珍しい,mezurashii,Rare / unusual,N4,adjective,珍しい花を見ました。,I saw an unusual flower.,Discovery
意味,imi,Meaning,N4,noun,この単語の意味は何ですか。,What is the meaning of this word?,Common in study
理由,riyuu,Reason,N4,noun,その理由を教えてください。,Please tell me the reason.,Asking why
気持ち,kimochi,Feeling / mood,N4,noun,気持ちがいいです。,The feeling is good.,Emotions
心配,shinpai,Worry,N4,noun/verb,心配しないでください。,Please don't worry.,Common phrase
約束,yakusoku,Promise,N4,noun,約束を守ります。,I keep my promise.,Trust word
経験,keiken,Experience,N4,noun,いい経験になりました。,It became a good experience.,Common reflection
将来,shourai,Future,N4,noun,将来の夢は何ですか。,What is your dream for the future?,Common question
最近,saikin,Recently,N4,adverb,最近忙しいです。,Recently I am busy.,Time word
たぶん,tabun,Probably / maybe,N4,adverb,たぶん来ます。,Probably will come.,Uncertainty
もちろん,mochiron,Of course,N4,adverb,もちろん行きます。,Of course I will go.,Confirmation
まだ,mada,Still / not yet,N4,adverb,まだ食べていません。,I haven't eaten yet.,Time word
もう,mou,Already,N4,adverb,もう食べました。,I already ate.,Time word
特に,tokuni,Especially,N4,adverb,特に好きです。,I especially like it.,Emphasis
全然,zenzen,Not at all (with neg.),N4,adverb,全然分かりません。,I don't understand at all.,Often with negative
急に,kyuuni,Suddenly,N4,adverb,急に雨が降りました。,It suddenly rained.,Time word
だんだん,dandan,Gradually,N4,adverb,だんだん上手になりました。,I gradually got better.,Progress
ちょっと,chotto,A little / just a moment,N4,adverb,ちょっと待ってください。,Please wait a moment.,Very common
たくさん,takusan,A lot,N4,adverb,本がたくさんあります。,There are many books.,Quantity
ぜひ,zehi,By all means,N4,adverb,ぜひ来てください。,Please definitely come.,Strong invitation
やっと,yatto,Finally / at last,N4,adverb,やっと終わりました。,I finally finished.,Relief
ずっと,zutto,All along / continuously,N4,adverb,ずっと待っていました。,I have been waiting all along.,Duration
たまに,tamani,Occasionally,N4,adverb,たまに映画を見ます。,Occasionally I watch movies.,Frequency
いつも,itsumo,Always,N4,adverb,いつもありがとうございます。,Thank you always.,Frequency
時々,tokidoki,Sometimes,N4,adverb,時々日本に行きます。,Sometimes I go to Japan.,Frequency
今,ima,Now,N5,noun,今、忙しいです。,I am busy now.,Time word
時間,jikan,Time / hour,N5,noun,時間がありません。,I don't have time.,Common noun
仕事,shigoto,Work,N5,noun,仕事に行きます。,I go to work.,Common noun
会社,kaisha,Company,N5,noun,会社に着きました。,I arrived at the company.,Business word
電車,densha,Train,N5,noun,電車で行きます。,I go by train.,Transportation
車,kuruma,Car,N5,noun,車を持っています。,I have a car.,Transportation
飛行機,hikouki,Airplane,N5,noun,飛行機で日本に行きました。,I went to Japan by airplane.,Transportation
名前,namae,Name,N5,noun,お名前は何ですか。,What is your name?,Polite question
電話,denwa,Phone,N5,noun,電話をかけます。,I make a phone call.,Common noun
お金,okane,Money,N5,noun,お金がありません。,I don't have money.,Common noun
旅行,ryokou,Travel / trip,N5,noun,旅行が好きです。,I like traveling.,Common hobby
天気,tenki,Weather,N5,noun,今日は天気がいいです。,The weather is good today.,Daily word
気にする,kinisuru,To care about / mind,N4,verb,気にしないでください。,Please don't mind it.,Common reassurance
気がする,kigasuru,To feel like / have a hunch,N4,verb,雨が降る気がする。,I feel like it will rain.,Subjective intuition
気をつける,kiotsukeru,To be careful,N4,verb,車に気をつけてください。,Please be careful of cars.,Warning
気が合う,kigaau,To get along,N4,verb,彼とは気が合う。,I get along with him.,Friendship
気分,kibun,Mood / feeling,N4,noun,気分がいい。,I feel good.,Common
予定,yotei,Plan / schedule,N4,noun,明日の予定は何ですか。,What is tomorrow's plan?,Common scheduling
都合,tsugou,Convenience,N4,noun,都合が悪い。,The timing is bad.,Polite refusal
場合,baai,Case / situation,N4,noun,その場合はどうしますか。,What do you do in that case?,Conditional
場所,basho,Place / location,N4,noun,会う場所を決めましょう。,Let's decide the meeting place.,Common
最初,saisho,First / beginning,N4,noun,最初に来ました。,I came first.,Order
最後,saigo,Last / end,N4,noun,最後に駅で会いました。,We met last at the station.,Order
中,naka,Inside / middle,N5,noun,箱の中にあります。,It's inside the box.,Spatial
外,soto,Outside,N5,noun,外で待っています。,I'm waiting outside.,Spatial
左,hidari,Left,N5,noun,左に曲がってください。,Please turn left.,Direction
右,migi,Right,N5,noun,右の店です。,It's the shop on the right.,Direction
上,ue,Above / up,N5,noun,机の上にあります。,It's on the desk.,Spatial
下,shita,Below / down,N5,noun,椅子の下を見てください。,Please look under the chair.,Spatial
前,mae,Before / in front of,N5,noun,駅の前で会いましょう。,Let's meet in front of the station.,Spatial/time
後ろ,ushiro,Behind,N5,noun,後ろから来ました。,He came from behind.,Spatial
東,higashi,East,N4,noun,東京の東部に住んでいます。,I live in the east of Tokyo.,Direction
西,nishi,West,N4,noun,西から太陽が沈む。,The sun sets in the west.,Direction
南,minami,South,N4,noun,南へ行きましょう。,Let's go south.,Direction
北,kita,North,N4,noun,北海道は寒いです。,Hokkaido is cold.,Direction
食事,shokuji,Meal,N4,noun,食事の時間です。,It's meal time.,Common
朝食,choushoku,Breakfast,N4,noun,朝食は何時ですか。,What time is breakfast?,Formal
昼食,chuushoku,Lunch,N4,noun,昼食を食べました。,I ate lunch.,Formal
夕食,yuushoku,Dinner,N4,noun,夕食の準備をします。,I'll prepare dinner.,Formal
ご飯,gohan,Cooked rice / meal,N5,noun,ご飯を食べましょう。,Let's eat.,Casual food word
パン,pan,Bread,N5,noun,パンを買いました。,I bought bread.,Loanword
お茶,ocha,Tea,N5,noun,お茶を飲みます。,I drink tea.,Common
コーヒー,koohii,Coffee,N5,noun,コーヒーが好きです。,I like coffee.,Loanword
ビール,biiru,Beer,N5,noun,ビールを一杯ください。,One beer please.,Loanword
ワイン,wain,Wine,N5,noun,赤ワインを飲みます。,I drink red wine.,Loanword
日本,nihon,Japan,N5,noun,日本に行きたい。,I want to go to Japan.,Country
韓国,kankoku,Korea,N5,noun,韓国から来ました。,I came from Korea.,Country
中国,chuugoku,China,N5,noun,中国語を勉強します。,I study Chinese.,Country
アメリカ,amerika,America,N5,noun,アメリカに住んでいます。,I live in America.,Country
イギリス,igirisu,England,N5,noun,イギリスから来ました。,I came from England.,Country
覚える,oboeru,To remember / learn,N4,verb,日本語を覚えています。,I'm learning Japanese.,Common
忘れる,wasureru,To forget,N4,verb,鍵を忘れました。,I forgot my keys.,Common
教える,oshieru,To teach / tell,N4,verb,日本語を教えてください。,Please teach me Japanese.,Request
習う,narau,To learn,N4,verb,ピアノを習っています。,I'm learning piano.,Skill
練習,renshuu,Practice,N4,noun,毎日練習します。,I practice every day.,Common
試験,shiken,Exam,N4,noun,明日試験があります。,I have an exam tomorrow.,Common
宿題,shukudai,Homework,N4,noun,宿題をしました。,I did my homework.,School
質問,shitsumon,Question,N4,noun,質問があります。,I have a question.,Common
答え,kotae,Answer,N4,noun,答えを書いてください。,Please write the answer.,Common
意見,iken,Opinion,N4,noun,意見を聞かせてください。,Please let me hear your opinion.,Discussion
説明,setsumei,Explanation,N4,noun,説明してください。,Please explain.,Request
紹介,shoukai,Introduction,N4,noun,友達を紹介します。,I'll introduce my friend.,Social
連絡,renraku,Contact / notification,N4,noun,後で連絡します。,I'll contact you later.,Common
返事,henji,Reply / response,N4,noun,返事を待っています。,I'm waiting for a reply.,Common
お願い,onegai,Please / request,N4,noun,お願いがあります。,I have a request.,Polite
ありがた迷惑,arigatameiwaku,Unwelcome favor,N2,noun,ありがた迷惑な親切。,Unwelcome kindness.,Idiom
お互い,otagai,Each other,N4,noun,お互いに頑張りましょう。,Let's do our best together.,Common
皆さん,minasan,Everyone (polite),N5,noun,皆さんこんにちは。,"Hello, everyone.",Polite address
家族,kazoku,Family,N5,noun,私の家族は5人です。,My family is 5 people.,Common
両親,ryoushin,Parents (formal),N4,noun,両親に会いに行きます。,I'm going to meet my parents.,Formal
父,chichi,Father (own),N5,noun,父は会社員です。,My father is an office worker.,Own family
母,haha,Mother (own),N5,noun,母は料理が上手です。,My mother is good at cooking.,Own family
兄,ani,Older brother (own),N5,noun,兄が二人います。,I have two older brothers.,Own family
姉,ane,Older sister (own),N5,noun,姉は医者です。,My older sister is a doctor.,Own family
弟,otouto,Younger brother (own),N5,noun,弟はまだ学生です。,My younger brother is still a student.,Own family
妹,imouto,Younger sister (own),N5,noun,妹は中学生です。,My younger sister is a middle schooler.,Own family
友達,tomodachi,Friend,N5,noun,友達と遊びます。,I play with friends.,Common
恋人,koibito,Lover / partner,N4,noun,恋人と旅行に行きました。,I went on a trip with my partner.,Romantic
結婚,kekkon,Marriage,N4,noun,来年結婚します。,I'll marry next year.,Common life event
離婚,rikon,Divorce,N4,noun,両親が離婚しました。,My parents divorced.,Life event
誕生日,tanjoubi,Birthday,N5,noun,お誕生日おめでとう。,Happy birthday.,Greeting
パーティー,paatii,Party,N5,noun,パーティーに行きました。,I went to a party.,Loanword
プレゼント,purezento,Present / gift,N5,noun,プレゼントをもらいました。,I received a gift.,Loanword
写真,shashin,Photograph,N5,noun,写真を撮りましょう。,Let's take a photo.,Common
動画,douga,Video,N4,noun,動画を見ました。,I watched a video.,Modern
音楽,ongaku,Music,N5,noun,音楽を聞きます。,I listen to music.,Common
映画,eiga,Movie,N5,noun,映画館に行きました。,I went to the cinema.,Common
本,hon,Book,N5,noun,本を読みます。,I read a book.,Common
雑誌,zasshi,Magazine,N5,noun,雑誌を買いました。,I bought a magazine.,Print media
新聞,shinbun,Newspaper,N5,noun,毎朝新聞を読みます。,I read the newspaper every morning.,Print media
ニュース,nyuusu,News,N4,noun,ニュースを見ました。,I watched the news.,Loanword
天気予報,tenkiyohou,Weather forecast,N4,noun,天気予報を見ましょう。,Let's check the weather forecast.,Daily
晴れ,hare,Sunny,N5,noun,今日は晴れです。,Today is sunny.,Weather
雨,ame,Rain,N5,noun,雨が降っています。,It's raining.,Weather
雪,yuki,Snow,N5,noun,雪が降りました。,It snowed.,Weather
風,kaze,Wind,N5,noun,風が強いです。,The wind is strong.,Weather
台風,taifuu,Typhoon,N4,noun,台風が来ます。,A typhoon is coming.,Weather
地震,jishin,Earthquake,N4,noun,昨日地震がありました。,There was an earthquake yesterday.,Disaster
火事,kaji,Fire (disaster),N4,noun,火事に気をつけて。,Be careful of fires.,Disaster
病院,byouin,Hospital,N5,noun,病院に行きます。,I'm going to the hospital.,Common
薬,kusuri,Medicine,N5,noun,薬を飲みました。,I took medicine.,Health
医者,isha,Doctor,N5,noun,医者になりたい。,I want to become a doctor.,Job
病気,byouki,Illness,N5,noun,病気で休みました。,I rested due to illness.,Common
熱,netsu,Fever / heat,N5,noun,熱があります。,I have a fever.,Health
頭痛,zutsuu,Headache,N4,noun,頭痛がします。,I have a headache.,Health
お腹,onaka,Stomach / belly,N5,noun,お腹がすきました。,I'm hungry.,Common
喉,nodo,Throat,N4,noun,喉が痛いです。,My throat hurts.,Health
目,me,Eye,N5,noun,目が痛い。,My eyes hurt.,Body
耳,mimi,Ear,N5,noun,耳が聞こえない。,I can't hear.,Body
鼻,hana,Nose,N5,noun,鼻が高い。,The nose is high (figuratively: proud).,Body / idiom
口,kuchi,Mouth,N5,noun,口を開けてください。,Please open your mouth.,Body
手,te,Hand,N5,noun,手を洗いましょう。,Let's wash our hands.,Body
足,ashi,Foot / leg,N5,noun,足が痛いです。,My foot hurts.,Body
影響,eikyou,Influence / impact,N3,noun,景気の影響を受けました。,We were affected by the economy.,Common business
状況,joukyou,Situation / condition,N3,noun,状況を説明してください。,Please explain the situation.,Formal
環境,kankyou,Environment,N3,noun,環境問題は深刻です。,Environmental issues are serious.,Common topic
社会,shakai,Society,N3,noun,社会のためになります。,It's for the good of society.,Common
政治,seiji,Politics,N3,noun,政治の話は避けます。,I avoid political topics.,Common
経済,keizai,Economy,N3,noun,日本経済が回復しました。,The Japanese economy recovered.,Common business
文化,bunka,Culture,N3,noun,日本文化に興味があります。,I'm interested in Japanese culture.,Common
歴史,rekishi,History,N3,noun,日本の歴史を勉強します。,I study Japanese history.,Common
科学,kagaku,Science,N3,noun,科学技術が進歩しています。,Science and technology are advancing.,Field
技術,gijutsu,Technology / skill,N3,noun,新しい技術を開発しました。,We developed new technology.,Field
情報,jouhou,Information,N3,noun,情報を集めます。,I gather information.,Common
資料,shiryou,Material / documents,N3,noun,会議の資料を準備します。,I prepare meeting materials.,Business
書類,shorui,Documents / papers,N3,noun,書類を整理しました。,I organized the documents.,Business
契約,keiyaku,Contract,N3,noun,契約を結びます。,We make a contract.,Business
取引,torihiki,Business deal / transaction,N3,noun,取引が成立しました。,The deal was concluded.,Business
会議,kaigi,Meeting,N3,noun,会議は何時からですか。,What time is the meeting?,Common
発表,happyou,Announcement / presentation,N3,noun,結果を発表します。,I'll announce the results.,Common
報告,houkoku,Report,N3,noun,上司に報告しました。,I reported to my boss.,Business
相談,soudan,Consultation / discussion,N3,noun,相談したいことがあります。,I have something to consult about.,Common
許可,kyoka,Permission,N3,noun,許可をもらいました。,I got permission.,Common
禁止,kinshi,Prohibition,N3,noun,駐車禁止です。,Parking is prohibited.,Sign
規則,kisoku,Rule / regulation,N3,noun,規則を守ってください。,Please follow the rules.,Common
法律,houritsu,Law,N3,noun,法律で禁止されています。,It's prohibited by law.,Common
権利,kenri,Right (legal),N3,noun,これは私の権利です。,This is my right.,Common
責任,sekinin,Responsibility,N3,noun,責任を取ります。,I'll take responsibility.,Common
義務,gimu,Duty / obligation,N3,noun,それは義務です。,That is a duty.,Common
習慣,shuukan,Habit / custom,N3,noun,朝食を食べる習慣があります。,I have the habit of eating breakfast.,Common
伝統,dentou,Tradition,N3,noun,伝統文化を大切にします。,We value traditional culture.,Common
祭り,matsuri,Festival,N3,noun,夏祭りに行きました。,I went to the summer festival.,Cultural
お祝い,oiwai,Celebration,N3,noun,卒業のお祝いをしました。,We celebrated graduation.,Cultural
祈る,inoru,To pray / wish,N3,verb,健康を祈ります。,I pray for good health.,Religious / wishful
願う,negau,To wish / desire,N3,verb,成功を願っています。,I'm wishing for success.,Common
信じる,shinjiru,To believe,N3,verb,あなたを信じます。,I believe in you.,Trust
疑う,utagau,To doubt,N3,verb,彼の話を疑います。,I doubt his story.,Skeptical
助ける,tasukeru,To help / save,N3,verb,友達を助けました。,I helped my friend.,Common
守る,mamoru,To protect / keep,N3,verb,約束を守ります。,I keep my promise.,Common
育てる,sodateru,To raise / nurture,N3,verb,子供を育てています。,I'm raising children.,Family
学ぶ,manabu,To learn,N3,verb,新しいことを学びます。,I learn new things.,Formal
研究,kenkyuu,Research,N3,noun,大学で研究しています。,I'm researching at university.,Academic
発見,hakken,Discovery,N3,noun,新しい発見がありました。,There was a new discovery.,Academic
発明,hatsumei,Invention,N3,noun,電球を発明しました。,He invented the light bulb.,Historical
能力,nouryoku,Ability,N3,noun,能力を伸ばします。,I'll develop my abilities.,Self-improvement
才能,sainou,Talent,N3,noun,音楽の才能があります。,He has musical talent.,Personal
努力,doryoku,Effort,N3,noun,努力が大切です。,Effort is important.,Common
成功,seikou,Success,N3,noun,試験に成功しました。,I succeeded in the exam.,Common
失敗,shippai,Failure,N3,noun,失敗から学びます。,I learn from failure.,Common
原因,gen-in,Cause / reason,N3,noun,事故の原因を調べます。,I investigate the cause of the accident.,Common
結果,kekka,Result,N3,noun,試験の結果が出ました。,The exam results came out.,Common
方法,houhou,Method / way,N3,noun,いい方法があります。,There's a good method.,Common
手段,shudan,Means / way,N3,noun,交通手段を考えます。,I consider transportation means.,Formal
基本,kihon,Basics / foundation,N3,noun,基本から勉強します。,I study from basics.,Common
詳しい,kuwashii,Detailed / familiar with,N3,adjective,日本史に詳しいです。,I'm knowledgeable about Japanese history.,Adjective
簡単,kantan,Simple / easy,N4,adjective(na),簡単な問題です。,It's a simple problem.,na-adjective
複雑,fukuzatsu,Complicated,N3,adjective(na),複雑な状況です。,It's a complicated situation.,na-adjective
重要,juuyou,Important,N3,adjective(na),重要な会議です。,It's an important meeting.,na-adjective
必要,hitsuyou,Necessary,N3,adjective(na),日本語が必要です。,Japanese is necessary.,Common
十分,juubun,Enough / sufficient,N3,adjective(na),十分な時間があります。,There is enough time.,Common
不十分,fujuubun,Insufficient,N3,adjective(na),準備が不十分でした。,Preparation was insufficient.,Common
適切,tekisetsu,Appropriate,N3,adjective(na),適切な対応をしました。,I took appropriate action.,Formal
正確,seikaku,Accurate / precise,N3,adjective(na),正確な情報です。,It's accurate information.,Formal
普通,futsuu,Normal / ordinary,N3,adjective(na),普通の生活をしています。,I live an ordinary life.,Common
特別,tokubetsu,Special,N3,adjective(na),特別なお願いです。,It's a special request.,Common
急ぐ,isogu,To hurry,N3,verb,急いでください。,Please hurry.,Common
慌てる,awateru,To panic,N3,verb,慌てないでください。,Please don't panic.,Common
落ち着く,ochitsuku,To calm down,N3,verb,落ち着いてください。,Please calm down.,Common
驚く,odoroku,To be surprised,N3,verb,そのニュースに驚きました。,I was surprised by that news.,Emotion
喜ぶ,yorokobu,To be glad,N3,verb,プレゼントを喜びました。,He was glad about the gift.,Emotion
怒る,okoru,To get angry,N3,verb,彼は怒っています。,He is angry.,Emotion
泣く,naku,To cry,N3,verb,赤ちゃんが泣いています。,The baby is crying.,Common
笑う,warau,To laugh / smile,N3,verb,皆が笑いました。,Everyone laughed.,Common
驚き,odoroki,Surprise,N3,noun,驚きの結果でした。,It was a surprising result.,Emotion
喜び,yorokobi,Joy / gladness,N3,noun,喜びを感じます。,I feel joy.,Emotion
悲しみ,kanashimi,Sadness,N3,noun,深い悲しみを感じます。,I feel deep sadness.,Emotion
恐れ,osore,Fear / dread,N3,noun,失敗の恐れがあります。,There is fear of failure.,Emotion
夢,yume,Dream,N3,noun,昨日変な夢を見ました。,I had a strange dream yesterday.,Common
希望,kibou,Hope,N3,noun,希望を持っています。,I have hope.,Common
目標,mokuhyou,Goal,N3,noun,目標を達成しました。,I achieved my goal.,Common
計画,keikaku,Plan,N3,noun,計画を立てました。,I made a plan.,Common
予想,yosou,Prediction / forecast,N3,noun,予想通りでした。,It was as predicted.,Common
予定通り,yoteidoori,As scheduled,N3,adverb,予定通りに進みます。,Proceed as scheduled.,Business
思い出,omoide,Memory / recollection,N3,noun,いい思い出になりました。,It became a good memory.,Sentimental
記念,kinen,Commemoration,N3,noun,記念写真を撮りました。,We took a commemorative photo.,Common
記録,kiroku,Record / log,N3,noun,記録を更新しました。,I broke the record.,Sports / data
表現,hyougen,Expression,N3,noun,日本語の表現は難しい。,Japanese expressions are difficult.,Language
発音,hatsuon,Pronunciation,N3,noun,発音が上手です。,Your pronunciation is good.,Language
意味する,imisuru,To mean,N3,verb,この記号は何を意味しますか。,What does this symbol mean?,Common
表す,arawasu,To express / show,N3,verb,気持ちを表します。,I express my feelings.,Common
集める,atsumeru,To collect / gather,N3,verb,情報を集めます。,I gather information.,Common
集まる,atsumaru,To gather (intransitive),N3,verb,皆が集まりました。,Everyone gathered.,Common
別れる,wakareru,To separate / part,N3,verb,駅で別れました。,We parted at the station.,Common
出会う,deau,To meet (encounter),N3,verb,旅行で出会いました。,We met during the trip.,Common
通る,tooru,To pass through,N3,verb,この道を通ります。,I pass through this road.,Common
通う,kayou,To commute,N3,verb,毎日学校に通います。,I commute to school every day.,Common
迎える,mukaeru,To welcome / pick up,N3,verb,空港で迎えます。,I'll pick you up at the airport.,Common
送る,okuru,To send / see off,N3,verb,駅まで送ります。,I'll see you off to the station.,Common
持つ,motsu,To hold / have,N5,verb,カバンを持っています。,I'm holding a bag.,Common
止める,tomeru,To stop (transitive),N4,verb,車を止めます。,I stop the car.,Common
動く,ugoku,To move,N4,verb,電車が動きました。,The train moved.,Common
変わる,kawaru,To change (intransitive),N4,verb,景色が変わりました。,The scenery changed.,Common
変える,kaeru,To change (transitive),N4,verb,予定を変えます。,I change my plans.,Common
増える,fueru,To increase,N3,verb,お客様が増えました。,Customers increased.,Common
減る,heru,To decrease,N3,verb,人口が減っています。,The population is decreasing.,Common
活躍,katsuyaku,Active role / playing big part,N3,noun,世界で活躍する選手。,An athlete who is active worldwide.,Career
活動,katsudou,Activity,N3,noun,ボランティア活動をします。,I do volunteer activities.,Common
活気,kakki,Liveliness / vigor,N3,noun,街は活気にあふれている。,The town is full of life.,Atmosphere
評価,hyouka,Evaluation,N3,noun,作品の評価が高い。,The work's evaluation is high.,Formal
批判,hihan,Criticism,N3,noun,激しい批判を受けた。,He received harsh criticism.,Negative
反対,hantai,Opposition / opposite,N3,noun,反対意見もあります。,There are opposing opinions too.,Common
賛成,sansei,Agreement,N3,noun,その案に賛成です。,I agree with that proposal.,Common
討論,touron,Debate,N3,noun,熱い討論が続いた。,Heated debate continued.,Formal
議論,giron,Discussion / argument,N3,noun,議論の余地がある。,There is room for discussion.,Common
解決,kaiketsu,Resolution / solution,N3,noun,問題を解決します。,I solve the problem.,Common
解決策,kaiketsusaku,Solution / measure,N3,noun,解決策を提案します。,I propose a solution.,Business
対策,taisaku,Countermeasure,N3,noun,対策を考えます。,We think of countermeasures.,Common
対応,taiou,Response / handling,N3,noun,迅速な対応をします。,We respond quickly.,Business
処理,shori,Processing / handling,N3,noun,データを処理します。,I process the data.,Technical
作業,sagyou,Work / task,N3,noun,作業を始めます。,I begin the task.,Common
作成,sakusei,Creation / preparation,N3,noun,書類を作成します。,I prepare documents.,Business
作品,sakuhin,Work (of art),N3,noun,有名な作品です。,It's a famous work.,Art
製品,seihin,Product,N3,noun,新製品が発売された。,A new product was released.,Business
商品,shouhin,Merchandise,N3,noun,商品を返品します。,I return the merchandise.,Shopping
品物,shinamono,Goods / things,N3,noun,いい品物ですね。,These are nice goods.,Shopping
価値,kachi,Value,N3,noun,価値のあるものです。,It is something valuable.,Abstract
価格,kakaku,Price,N3,noun,価格が上がりました。,The price went up.,Business
割引,waribiki,Discount,N3,noun,10%割引します。,I'll give a 10% discount.,Shopping
無料,muryou,Free of charge,N3,adjective(na),入場は無料です。,Admission is free.,Common
有料,yuuryou,Charged / paid,N3,adjective(na),駐車場は有料です。,Parking is paid.,Common
お釣り,otsuri,Change (money),N3,noun,お釣りをください。,Please give me change.,Shopping
財布,saifu,Wallet,N4,noun,財布を忘れました。,I forgot my wallet.,Common
銀行,ginkou,Bank,N5,noun,銀行に行きます。,I'm going to the bank.,Common
口座,kouza,Account (bank),N3,noun,口座を開きました。,I opened an account.,Banking
振込,furikomi,Bank transfer,N3,noun,振込でお願いします。,Please pay by transfer.,Banking
給料,kyuuryou,Salary,N3,noun,給料日は25日です。,Payday is the 25th.,Work
税金,zeikin,Tax,N3,noun,税金を払います。,I pay taxes.,Common
収入,shuunyuu,Income,N3,noun,収入が増えました。,Income increased.,Finance
支出,shishutsu,Expenses,N3,noun,支出を減らします。,I reduce expenses.,Finance
貯金,chokin,Savings,N3,noun,毎月貯金しています。,I save every month.,Finance
借金,shakkin,Debt,N3,noun,借金を返します。,I repay the debt.,Finance
投資,toushi,Investment,N3,noun,株に投資します。,I invest in stocks.,Finance
保険,hoken,Insurance,N3,noun,生命保険に入っています。,I have life insurance.,Finance
年金,nenkin,Pension,N3,noun,年金をもらいます。,I receive pension.,Finance
通貨,tsuuka,Currency,N2,noun,日本の通貨は円です。,Japan's currency is yen.,Finance
円,en,Yen / circle,N5,noun,1万円です。,It's 10000 yen.,Common
ドル,doru,Dollar,N4,noun,100ドルあります。,I have 100 dollars.,Loanword
ユーロ,yuuro,Euro,N4,noun,ユーロに両替します。,I exchange for euros.,Loanword
両替,ryougae,Money exchange,N3,noun,両替所はどこですか。,Where is the exchange counter?,Travel
旅行者,ryokousha,Tourist,N3,noun,外国人旅行者が増えた。,Foreign tourists increased.,Travel
観光地,kankouchi,Tourist spot,N3,noun,有名な観光地です。,It's a famous tourist spot.,Travel
名所,meisho,Famous spot,N3,noun,京都の名所を訪れた。,I visited Kyoto's famous spots.,Travel
お土産,omiyage,Souvenir,N3,noun,お土産を買います。,I'll buy souvenirs.,Travel
ホテル,hoteru,Hotel,N5,noun,ホテルを予約しました。,I booked a hotel.,Travel
旅館,ryokan,Japanese inn,N3,noun,温泉旅館に泊まりました。,I stayed at a hot spring inn.,Travel
民宿,minshuku,Family-run inn,N3,noun,民宿は安いです。,Family inns are cheap.,Travel
温泉,onsen,Hot spring,N3,noun,温泉に入ります。,I take a hot spring bath.,Travel
ビザ,biza,Visa,N3,noun,ビザを取りました。,I got a visa.,Travel
パスポート,pasupooto,Passport,N5,noun,パスポートを失くしました。,I lost my passport.,Travel
荷物,nimotsu,Luggage,N4,noun,荷物が多いです。,There is a lot of luggage.,Travel
切符,kippu,Ticket,N5,noun,切符を買います。,I buy a ticket.,Travel
チケット,chiketto,Ticket (loan),N4,noun,コンサートのチケットを取った。,I got concert tickets.,Loanword
予約,yoyaku,Reservation,N3,noun,予約を取り消します。,I cancel the reservation.,Common
キャンセル,kyanseru,Cancel (loan),N4,noun,キャンセル料がかかります。,A cancellation fee applies.,Loanword
変更,henkou,Change,N3,noun,予定を変更します。,I change the schedule.,Common
延期,enki,Postponement,N3,noun,試合は延期になった。,The game was postponed.,Formal
中止,chuushi,Cancellation / suspension,N3,noun,イベントは中止です。,The event is cancelled.,Formal
完了,kanryou,Completion,N3,noun,作業が完了しました。,The work is complete.,Formal
未完成,mikansei,Incomplete,N3,noun,まだ未完成です。,It's still incomplete.,Formal
進行,shinkou,Progress,N3,noun,順調に進行しています。,It's progressing smoothly.,Formal
進歩,shinpo,Progress (development),N3,noun,科学が進歩しました。,Science advanced.,Formal
発達,hattatsu,Development,N3,noun,子供の発達を見守る。,Watch over the child's development.,Common
向上,koujou,Improvement,N3,noun,品質向上を目指します。,We aim for quality improvement.,Business
低下,teika,Decrease / decline,N3,noun,売り上げが低下した。,Sales declined.,Business
上昇,joushou,Rise / increase,N3,noun,気温が上昇する。,The temperature rises.,Common
下降,kakou,Descend / decline,N3,noun,株価が下降した。,Stock price declined.,Finance
維持,iji,Maintenance,N3,noun,健康を維持します。,I maintain my health.,Common
保持,hoji,Holding / keeping,N3,noun,記録を保持しています。,He holds the record.,Sports
保存,hozon,Preservation / saving,N3,noun,ファイルを保存します。,I save the file.,Technology
削除,sakujo,Deletion,N3,noun,メールを削除しました。,I deleted the email.,Technology
更新,koushin,Update / renewal,N3,noun,ソフトを更新します。,I update the software.,Technology
編集,henshuu,Editing,N3,noun,動画を編集します。,I edit the video.,Common
作家,sakka,Writer / author,N3,noun,有名な作家です。,He is a famous writer.,Job
記者,kisha,Reporter / journalist,N3,noun,新聞記者になりたい。,I want to be a journalist.,Job
編集者,henshuusha,Editor,N3,noun,雑誌の編集者です。,She is a magazine editor.,Job
学者,gakusha,Scholar,N3,noun,有名な学者です。,He is a famous scholar.,Job
専門家,senmonka,Expert,N3,noun,その分野の専門家です。,He is an expert in the field.,Job
弁護士,bengoshi,Lawyer,N3,noun,弁護士に相談します。,I consult a lawyer.,Job
教授,kyouju,Professor,N3,noun,大学教授です。,He is a university professor.,Job
社長,shachou,Company president,N3,noun,社長と会いました。,I met the president.,Job
部長,buchou,Department head,N3,noun,部長になりました。,I became department head.,Job
同僚,douryou,Colleague,N3,noun,同僚と飲みに行きます。,I go drinking with colleagues.,Job
上司,joushi,Boss / superior,N3,noun,上司に報告します。,I report to my boss.,Job
部下,buka,Subordinate,N3,noun,部下を育てます。,I train my subordinates.,Job
新人,shinjin,Newcomer / rookie,N3,noun,新人を歓迎します。,We welcome the newcomers.,Job
退職,taishoku,Retirement / resigning,N3,noun,来月退職します。,I'm retiring next month.,Job
転職,tenshoku,Career change,N3,noun,IT業界に転職しました。,I switched to the IT industry.,Job
就職,shuushoku,Getting a job,N3,noun,就職活動をしています。,I'm doing job hunting.,Job
面接,mensetsu,Interview (job),N3,noun,明日面接があります。,I have an interview tomorrow.,Job
履歴書,rirekisho,Resume,N3,noun,履歴書を書きます。,I write my resume.,Job
求人,kyuujin,Job offer / hiring,N3,noun,求人広告を見ました。,I saw the job ad.,Job
人事,jinji,HR / personnel,N3,noun,人事部に異動した。,He transferred to HR.,Job
出張,shucchou,Business trip,N3,noun,大阪に出張します。,I'm going on a business trip to Osaka.,Job
残業,zangyou,Overtime,N3,noun,残業が多いです。,There's a lot of overtime.,Job
休暇,kyuuka,Vacation / leave,N3,noun,夏休みを取ります。,I'll take summer vacation.,Job
有給,yuukyuu,Paid leave,N3,noun,有給を申請します。,I request paid leave.,Job
